"osm_id,C,11","timestamp,C,20","name,C,48","type,C,16","LON,N,22,6","LAT,N,22,6"
367803651,2009-03-31T06:44:17Z,Pearl City Public Library,library,"-157,972222","21,400278"
367803666,2009-03-31T06:44:18Z,Salt Lake-Moanalua Public Library,library,"-157,915278","21,346667"
367803678,2009-03-31T06:44:23Z,Aiea Public Library,library,"-157,933889","21,383889"
367803687,2009-03-31T06:44:27Z,Waipahu Public Library,library,"-158,005556","21,388611"
1563214781,2011-12-27T03:04:36Z,Waikele Elementary School,school,"-158,012289","21,402158"
1613763686,2012-02-01T00:29:50Z,Pearl City High School,school,"-157,953336","21,414004"
1613796342,2012-02-01T01:03:30Z,Pearl Harbor Christian Academy,school,"-157,999213","21,413655"
